{
  "best_model_label": "Stacking",
  "test_metrics": {
    "accuracy": 0.9806,
    "recall": 0.6869918699186992,
    "precision": 0.8941798941798942,
    "roc_auc": 0.8977549072924469,
    "model": "Stacking"
  },
  "search_summary": null,
  "random_state": 42
}